-- INSERT COUPONS DATA
INSERT INTO coupons (code, expiry_date, name, description, discount, max_use, min_purchase_amount, used, created_at, secret)
VALUES 
('LOVESTORY200', '2025-12-31 00:00:00+00', 'Love Story 200', 'Hurry now! Use code LOVESTORY200 and save â‚±200 on your purchase!', 200, 100, 500, 35, '2023-06-11 21:58:41.72218+00', FALSE),
('BLANKSPACE1000', '2024-12-31 00:00:00+00', 'Blank Space 1000', 'Hurry now! Use code BLANKSPACE1000 and save â‚±1,000 on your purchase!', 1000, 100, 1000, 30, '2023-06-11 22:00:01.617047+00', FALSE),
('SHAKEITOFF500', '2024-12-31 00:00:00+00', 'Shake It Off 500', 'Hurry now! Use code SHAKEITOFF500 and save â‚±500 on your purchase!', 500, 100, 800, 22, '2023-06-11 22:00:01.617047+00', FALSE),
('YOUBELONGWITHME300', '2024-12-31 00:00:00+00', 'You Belong With Me 300', 'Hurry now! Use code YOUBELONGWITHME300 and save â‚±300 on your purchase!', 300, 100, 600, 45, '2023-06-11 22:00:01.617047+00', FALSE),
('BADBLOOD400', '2024-12-31 00:00:00+00', 'Bad Blood 400', 'Hurry now! Use code BADBLOOD400 and save â‚±400 on your purchase!', 400, 100, 700, 27, '2023-06-11 22:00:01.617047+00', FALSE),
('WILDESTDREAMS250', '2024-12-31 00:00:00+00', 'Wildest Dreams 250', 'Hurry now! Use code WILDESTDREAMS250 and save â‚±250 on your purchase!', 250, 100, 900, 38, '2023-06-11 22:00:01.617047+00', FALSE),
('IKNOWPLACES700', '2024-12-31 00:00:00+00', 'I Know Places 700', 'Hurry now! Use code IKNOWPLACES700 and save â‚±700 on your purchase!', 700, 100, 1200, 32, '2023-06-11 22:00:01.617047+00', FALSE),
('STYLE350', '2024-12-31 00:00:00+00', 'Style 350', 'Hurry now! Use code STYLE350 and save â‚±350 on your purchase!', 350, 100, 400, 40, '2023-06-11 22:00:01.617047+00', FALSE),
('DELICATE800', '2025-12-31 00:00:00+00', 'Delicate 800', 'Hurry now! Use code DELICATE800 and save â‚±800 on your purchase!', 800, 100, 1500, 20, '2023-06-11 22:00:01.617047+00', FALSE),
('MINE600', '2024-12-31 00:00:00+00', 'Mine 600', 'Hurry now! Use code MINE600 and save â‚±600 on your purchase!', 600, 100, 700, 50, '2023-06-11 22:00:01.617047+00', FALSE),
('MEOW900', '2024-12-31 00:00:00+00', 'Meow 900', 'Hurry now! Use code MEOW900 and save â‚±900 on your purchase!', 900, 100, 1000, 25, '2023-06-11 22:00:01.617047+00', FALSE),
('RED2000', '2025-12-31 00:00:00+00', 'Red 2000', 'Hurry now! Use code RED2000 and save â‚±2,000 on your purchase!', 2000, 100, 2500, 55, '2023-06-11 22:00:01.617047+00', FALSE),
('BEGINAGAIN450', '2024-12-31 00:00:00+00', 'Begin Again 450', 'Hurry now! Use code BEGINAGAIN450 and save â‚±450 on your purchase!', 450, 100, 600, 23, '2023-06-11 22:00:01.617047+00', FALSE),
('OURSONG550', '2025-12-31 00:00:00+00', 'Our Song 550', 'Hurry now! Use code OURSONG550 and save â‚±550 on your purchase!', 550, 100, 900, 42, '2023-06-11 22:00:01.617047+00', FALSE),
('FEARLESS150', '2024-12-31 00:00:00+00', 'Fearless 150', 'Hurry now! Use code FEARLESS150 and save â‚±150 on your purchase!', 150, 100, 400, 37, '2023-06-11 22:00:01.617047+00', FALSE),
('SPARKSFLY4000', '2024-12-31 00:00:00+00', 'Sparks Fly 4000', 'Hurry now! Use code SPARKSFLY4000 and save â‚±4,000 on your purchase!', 4000, 100, 5000, 48, '2023-06-11 22:00:01.617047+00', FALSE),
('BACKTODECEMBER650', '2024-12-31 00:00:00+00', 'Back to December 650', 'Hurry now! Use code BACKTODECEMBER650 and save â‚±650 on your purchase!', 650, 100, 1100, 29, '2023-06-11 22:00:01.617047+00', FALSE),
('ENCHANTED3000', '2025-12-31 00:00:00+00', 'Enchanted 3000', 'Hurry now! Use code ENCHANTED3000 and save â‚±3,000 on your purchase!', 3000, 100, 4000, 44, '2023-06-11 22:00:01.617047+00', FALSE),
('THUGSTORY2500', '2024-12-31 00:00:00+00', 'Thug Story 2500', 'Hurry now! Use code THUGSTORY2500 and save â‚±2,500 on your purchase!', 2500, 100, 3000, 33, '2023-06-11 22:00:01.617047+00', FALSE),
('TIMEMEANSNOTHING100', '2025-12-31 00:00:00+00', 'Time Means Nothing 100', 'Hurry now! Use code TIMEMEANSNOTHING100 and save â‚±100 on your purchase!', 100, 100, 200, 41, '2023-06-11 22:00:01.617047+00', FALSE),
('OUTOFTHEDARKNESS1500', '2024-12-31 00:00:00+00', 'Out of the Darkness 1500', 'Hurry now! Use code OUTOFTHEDARKNESS1500 and save â‚±1,500 on your purchase!', 1500, 100, 1800, 31, '2023-06-11 22:00:01.617047+00', FALSE),
('LONGLOVELAST2000', '2024-12-31 00:00:00+00', 'Long Love Last 2000', 'Hurry now! Use code LONGLOVELAST2000 and save â‚±2,000 on your purchase!', 2000, 100, 2200, 39, '2023-06-11 22:00:01.617047+00', FALSE),
('DAYDREAMING300', '2025-12-31 00:00:00+00', 'Daydreaming 300', 'Hurry now! Use code DAYDREAMING300 and save â‚±300 on your purchase!', 300, 100, 600, 24, '2023-06-11 22:00:01.617047+00', FALSE),
('GORGEOUS5500', '2024-12-31 00:00:00+00', 'Gorgeous 5500', 'Hurry now! Use code GORGEOUS5500 and save â‚±5,500 on your purchase!', 5500, 100, 6500, 47, '2023-06-11 22:00:01.617047+00', FALSE),
('FOREVERANDALWAYS3500', '2023-12-31 00:00:00+00', 'Forever and Always 3500', 'Hurry now! Use code FOREVERANDALWAYS3500 and save â‚±3,500 on your purchase!', 3500, 100, 1500, 43, '2023-06-11 22:00:01.617047+00', FALSE);


-- INSERT BRANDS DATA
INSERT INTO brands (name, image_url, id)
VALUES 
('Generic', NULL, 1),
('Jabra', NULL, 2),
('Huawei', NULL, 3),
('Apple', NULL, 4),
('Aftershockz', NULL, 5),
('Jaybird', NULL, 6),
('Beats', NULL, 7),
('Withings', NULL, 8),
('Garmin', NULL, 9),
('Bose', NULL, 10),
('Sony', NULL, 11),
('Sennheiser', NULL, 12),
('Skullcandy', NULL, 13),
('Audio-Technica', NULL, 14),
('Plantronics', NULL, 15),
('JBL', NULL, 16),
('Razer', NULL, 17),
('SteelSeries', NULL, 18),
('Logitech', NULL, 19),
('HyperX', NULL, 20),
('Corsair', NULL, 21),
('Beyerdynamic', NULL, 22),
('AKG', NULL, 23),
('Shure', NULL, 24),
('Mpow', NULL, 25),
('JAMMA', NULL, 26),
('Crayola', NULL, 27),
('Paper Mate', NULL, 28),
('Zazzle', NULL, 29),
('Spiral', NULL, 30),
('Elmer''s', NULL, 31),
('Five Star', NULL, 33),
('Adobe', NULL, 34);


-- INSERT CARDS_ERROR DATA
INSERT INTO cards_error (error_description, error_code, created_at, decline_code, id)
VALUES 
('Generic decline', 'card_declined', '2023-06-14 10:46:49.230437+00', 'generic_decline', 1),
('Insufficient funds decline', 'card_declined', '2023-06-14 10:46:49.230437+00', 'insufficient_funds', 2),
('Lost card decline', 'card_declined', '2023-06-14 10:46:49.230437+00', 'lost_card', 3),
('Stolen card decline', 'card_declined', '2023-06-14 10:46:49.230437+00', 'stolen_card', 4),
('Expired card decline', 'expired_card', '2023-06-14 10:46:49.230437+00', 'n/a', 5),
('Incorrect CVC decline', 'incorrect_cvc', '2023-06-14 10:46:49.230437+00', 'n/a', 6),
('Processing error decline', 'processing_error', '2023-06-14 10:46:49.230437+00', 'n/a', 7),
('Incorrect number decline', 'incorrect_number', '2023-06-14 10:46:49.230437+00', 'n/a', 8);


-- INSERT CATEGORIES DATA
INSERT INTO categories (name, id)
VALUES 
('earphone', 1),
('smartwatch', 2),
('headphone', 3),
('storage', 4),
('accessory', 5),
('softwares', 6);


-- INSERT PRODUCTS DATA
insert into public.products (id, category_id, brand_id, description, image_url, video_url, name, price, stock, last_stock, content, created_at, deleted, fragile, sales, unique_name)
values  (3, 2, 3, 'The Best Smart Watch for Your Wrist with Real-Time Notifications for Calls, Emails & More', 'https://storage.googleapis.com/jamma-comments-332612.appspot.com/productmedia/-Mpqgb_8gWBR0vdmNCIs.png', null, 'Huawei GT 2e', 4999, 100, '2023-06-09 09:33:25.124897', null, '2022-12-31 00:00:00.000000', false, false, 0, 'huawei-gt-2e'),
        (4, 1, 2, 'Elite Active 75t have been specifically designed for an active lifestyle. An IP57-rating makes them fully waterproof and sweatproof, so there’s nothing holding you back from running through the storm or sweating out your new personal best in the gym.', 'https://storage.googleapis.com/jamma-comments-332612.appspot.com/productmedia/-MpqgzgJb0g6VI1qPcM-.png', null, 'Jabra Elite Active 75t', 17152, 100, '2023-06-09 09:34:50.198817', null, '2022-12-31 00:00:00.000000', false, false, 0, 'jabra-elite-active-75t'),
        (2, 1, 1, 'True wireless stereo, HIFI sound. Supports Binaural Calls Both the left and right ears have full Bluetooth headset functionality and can be used individually or in pairs. Dual mode Bluetooth 5.0, ultra low power consumption. Bluetooth transmission distance: 10 meters barrier-free. Listening to song time: about 6-8 hours', 'https://storage.googleapis.com/jamma-comments-332612.appspot.com/productmedia/-MpqfiW5cQnJRw2Jkd8B.png', null, 'F9 Pro TWS', 246, 100, '2023-06-09 09:32:48.093253', null, '2022-12-31 00:00:00.000000', false, false, 0, 'f9-pro-tws'),
        (5, 1, 5, 'Open-Ear Bluetooth Bone Conduction Sport Headphones - Sweat Resistant Wireless Earphones for Workouts and Running - Built-in Mic', 'https://storage.googleapis.com/jamma-comments-332612.appspot.com/productmedia/-Mpqi95tZdJeC5Vqt_Y_.png', null, 'Aftershockz Aeropex', 8490, 100, '2023-06-09 09:36:48.967634', null, '2022-12-31 00:00:00.000000', false, false, 0, 'aftershockz-aeropex'),
        (6, 1, 4, 'AirPods Pro have been designed to deliver Active Noise Cancellation for immersive sound, Transparency mode so you can hear your surroundings, and a customizable fit for all-day comfort.', 'https://storage.googleapis.com/jamma-comments-332612.appspot.com/productmedia/-MpqiHyaeDxQQSZ2H8vr.png', null, 'Airpods Pro', 14990, 100, '2023-06-09 09:37:24.121729', null, '2022-12-31 00:00:00.000000', false, false, 0, 'airpods-pro'),
        (7, 1, 6, 'Vista is Jaybird''s first dustproof, shockproof, waterproof, and sweatproof set of true wireless earbuds.', 'https://storage.googleapis.com/jamma-comments-332612.appspot.com/productmedia/-MpquI0nt9-z9WwEYdeF.png', null, 'Jaybird Vista', 3303, 100, '2023-06-09 09:37:55.869881', null, '2022-12-31 00:00:00.000000', false, false, 0, 'jaybird-vista'),
        (8, 1, 7, 'Powerbeats Pro totally wireless earphones will revolutionize the way you work out. With true wireless earbuds, there are no wires to hold you back.', 'https://storage.googleapis.com/jamma-comments-332612.appspot.com/productmedia/-MpqvWQgHHnGvp2SRMfA.png', null, 'Beats Powerbeats Pro', 13490, 100, '2023-06-09 09:38:29.570193', null, '2022-12-31 00:00:00.000000', false, false, 0, 'beats-powerbeats-pro'),
        (9, 2, 4, 'It''s the ultimate device for a healthy life. Apple Watch can do what your other devices can''t because it''s on your wrist. When you wear it, you get a fitness partner that measures all the ways you move, meaningful health insights and a connection to the people and things you care about most.', 'https://storage.googleapis.com/jamma-comments-332612.appspot.com/productmedia/-MpqyChKZH8BAl1dsZyr.png', null, 'Apple Watch Series 6', 19350, 100, '2023-06-09 09:39:08.914952', null, '2022-12-31 00:00:00.000000', false, false, 0, 'apple-watch-series-6'),
        (10, 2, 8, 'Steel HR is a life-friendly hybrid smartwatch that can accompany you to the pool, hit the showers, and survive a downpour.', 'https://storage.googleapis.com/jamma-comments-332612.appspot.com/productmedia/-MpqyTVNFZ1MLr1KbNU7.png', null, 'Withings Steel HR', 13996, 100, '2023-06-09 09:39:46.578812', null, '2022-12-31 00:00:00.000000', false, false, 0, 'withings-steel-hr'),
        (11, 2, 9, 'The Forerunner® 945 is a premium running watch that features music streaming, music storage, performance monitoring features such as VO2 max and much more.', 'https://storage.googleapis.com/jamma-comments-332612.appspot.com/productmedia/-MpqyukIQe2_jjYa5lNe.png', null, 'Garmin Forerunner 945', 23990, 100, '2023-06-09 09:40:27.188969', null, '2022-12-31 00:00:00.000000', false, false, 0, 'garmin-forerunner-945'),
        (13, 5, 1, 'Keep your creativity organized with this stylish and durable pencil pouch.', 'https://snivqgzdabtawqfgptyd.supabase.co/storage/v1/object/public/products/pencil-pouch-2.jpg?t=2023-06-12T10%3A09%3A20.079Z', null, 'Pencil Pouch', 49.99, 50, '2023-06-12 10:17:45.318448', null, '2022-12-31 00:00:00.000000', false, false, 0, 'pencil-pouch'),
        (14, 5, 1, 'Unleash your thoughts with this sleek and smooth black ballpoint pen.', 'https://snivqgzdabtawqfgptyd.supabase.co/storage/v1/object/public/products/blue-bp-pen.jpg', null, 'Black ballpoint pen', 4.99, 100, '2023-06-12 10:17:45.318448', null, '2022-12-31 00:00:00.000000', false, false, 0, 'black-ballpoint-pen'),
        (15, 5, 1, 'Add a touch of inspiration to your writing with this reliable blue ballpoint pen.', 'https://snivqgzdabtawqfgptyd.supabase.co/storage/v1/object/public/products/blue-bp-pen.jpg', null, 'Blue ballpoint pen', 4.99, 100, '2023-06-12 10:17:45.318448', null, '2022-12-31 00:00:00.000000', false, false, 0, 'blue-ballpoint-pen'),
        (16, 5, 1, 'Experience the timeless charm of this classic No.2 pencil, perfect for any creative endeavor.', 'https://snivqgzdabtawqfgptyd.supabase.co/storage/v1/object/public/products/2-pencil.jpg', null, 'No.2 Pencil', 0.99, 200, '2023-06-12 10:17:45.318448', null, '2022-12-31 00:00:00.000000', false, false, 0, 'no.2-pencil'),
        (17, 5, 1, 'Sharpen your ideas to precision with this compact and efficient pencil sharpener.', 'https://snivqgzdabtawqfgptyd.supabase.co/storage/v1/object/public/products/pencil-sharp.jpg', null, 'Pencil Sharpener', 3.99, 50, '2023-06-12 10:17:45.318448', null, '2022-12-31 00:00:00.000000', false, false, 0, 'pencil-sharpener'),
        (18, 5, 1, 'Illuminate your notes and make key information pop with this vibrant set of highlighters.', 'https://snivqgzdabtawqfgptyd.supabase.co/storage/v1/object/public/products/highlighter.jpg?t=2023-06-12T10%3A10%3A30.126Z', null, 'Highlighter set', 7.99, 50, '2023-06-12 10:17:45.318448', null, '2022-12-31 00:00:00.000000', false, false, 0, 'highlighter-set'),
        (19, 5, 1, 'Unleash your inner artist with this set of crayons, offering a world of vibrant colors.', 'https://snivqgzdabtawqfgptyd.supabase.co/storage/v1/object/public/products/marker.jpg', null, 'Crayon', 2.99, 100, '2023-06-12 10:17:45.318448', null, '2022-12-31 00:00:00.000000', false, false, 0, 'crayon'),
        (20, 5, 1, 'Make mistakes vanish like magic with this soft and smudge-free eraser.', 'https://snivqgzdabtawqfgptyd.supabase.co/storage/v1/object/public/products/eraser.jpg?t=2023-06-12T10%3A11%3A21.968Z', null, 'Eraser', 0.99, 200, '2023-06-12 10:17:45.318448', null, '2022-12-31 00:00:00.000000', false, false, 0, 'eraser'),
        (21, 5, 1, 'Organize your ideas and projects with confidence using this sturdy three-ring binder.', 'https://snivqgzdabtawqfgptyd.supabase.co/storage/v1/object/public/products/278068.jpg', null, 'Three-ring Binder', 14.99, 20, '2023-06-12 10:17:45.318448', null, '2022-12-31 00:00:00.000000', false, false, 0, 'three-ring-binder'),
        (22, 5, 1, 'Effortlessly add order to your documents with this convenient three-hole punch.', 'https://snivqgzdabtawqfgptyd.supabase.co/storage/v1/object/public/products/3holepunch.jpg', null, 'Three-hole-punch', 12.99, 10, '2023-06-12 10:17:45.318448', null, '2022-12-31 00:00:00.000000', false, false, 0, 'three-hole-punch'),
        (23, 5, 1, 'Capture your thoughts and unleash your creativity with this set of spiral notebooks.', 'https://snivqgzdabtawqfgptyd.supabase.co/storage/v1/object/public/products/notebook.jpg', null, 'Spiral Notebooks Set', 29.99, 30, '2023-06-12 10:17:45.318448', null, '2022-12-31 00:00:00.000000', false, false, 0, 'spiral-notebooks-set'),
        (24, 5, 1, 'Master your study sessions and create organized notes with this pack of index cards.', 'https://snivqgzdabtawqfgptyd.supabase.co/storage/v1/object/public/products/index.jpg', null, 'Index Cards Set', 4.99, 50, '2023-06-12 10:17:45.318448', null, '2022-12-31 00:00:00.000000', false, false, 0, 'index-cards-set'),
        (25, 5, 1, 'Keep your important papers in order and make a statement with this stylish set of folders.', 'https://snivqgzdabtawqfgptyd.supabase.co/storage/v1/object/public/products/folder.jpg?t=2023-06-12T10%3A13%3A03.437Z', null, 'Folders Set', 9.99, 20, '2023-06-12 10:17:45.318448', null, '2022-12-31 00:00:00.000000', false, false, 0, 'folders-set'),
        (26, 5, 1, 'Stick together your imaginative creations with this versatile and reliable glue.', 'https://snivqgzdabtawqfgptyd.supabase.co/storage/v1/object/public/products/glue.jpg', null, 'Glue', 2.99, 100, '2023-06-12 10:17:45.318448', null, '2022-12-31 00:00:00.000000', false, false, 0, 'glue'),
        (27, 5, 1, 'Measure your success with precision using this transparent and accurate ruler.', 'https://snivqgzdabtawqfgptyd.supabase.co/storage/v1/object/public/products/ruler-Wood.jpg', null, 'Ruler', 1.99, 200, '2023-06-12 10:17:45.318448', null, '2022-12-31 00:00:00.000000', false, false, 0, 'ruler'),
        (28, 5, 1, 'Unlock your creativity and effortlessly cut through possibilities with this set of sharp scissors.', 'https://snivqgzdabtawqfgptyd.supabase.co/storage/v1/object/public/products/scissors.jpg', null, 'Scissors Set', 8.99, 30, '2023-06-12 10:17:45.318448', null, '2022-12-31 00:00:00.000000', false, false, 0, 'scissors-set'),
        (29, 5, 1, 'Solve equations and conquer mathematical challenges with this feature-rich calculator.', 'https://snivqgzdabtawqfgptyd.supabase.co/storage/v1/object/public/products/calculator-300x300.jpg?t=2023-06-12T10%3A13%3A31.213Z', null, 'Calculator', 24.99, 10, '2023-06-12 10:17:45.318448', null, '2022-12-31 00:00:00.000000', false, false, 0, 'calculator'),
        (30, 5, 1, 'Take control of your busy life with this stylish and functional personal organizer.', 'https://snivqgzdabtawqfgptyd.supabase.co/storage/v1/object/public/products/planner.jpg', null, 'Personal Organizer', 34.99, 20, '2023-06-12 10:17:45.318448', null, '2022-12-31 00:00:00.000000', false, false, 0, 'personal-organizer'),
        (31, 5, 1, 'Embark on your creative journey with this spacious and comfortable backpack.', 'https://snivqgzdabtawqfgptyd.supabase.co/storage/v1/object/public/products/182699.jpg', null, 'Backpack', 69.99, 5, '2023-06-12 10:17:45.318448', null, '2022-12-31 00:00:00.000000', false, false, 0, 'backpack'),
        (12, 2, 9, 'The Forerunner 245 Music lets you use streaming music services ad-free, such as Deezer and Spotify, or playback your own audio that you store on the watch itself.', 'https://storage.googleapis.com/jamma-comments-332612.appspot.com/productmedia/-MpwJwuB9u1-7VBsuMOX.png', null, 'Garmin Forerunner 245', 19295, 100, '2023-06-09 09:41:09.923551', null, '2022-12-31 00:00:00.000000', false, false, 0, 'garmin-forerunner-245'),
        (70, 6, 34, 'A powerful image editing and graphic design software.', 'https://snivqgzdabtawqfgptyd.supabase.co/storage/v1/object/public/products/softwares/photoshop.png?t=2023-07-10T06%3A53%3A18.630Z', 'https://www.youtube.com/watch?v=RGSN4S5jn4o&pp=ygUXYWRvYmUgcGhvdG9zaG9wIHRyYWlsZXI%3D', 'Adobe Photoshop CS 2021', 55164.55, 100, '2023-07-10 07:07:54.016719', null, '2022-12-31 00:00:00.000000', false, false, 0, 'adobe-photoshop-cs-2021'),
        (71, 6, 34, 'A vector graphics editor used for creating logos, illustrations, and artwork.', 'https://snivqgzdabtawqfgptyd.supabase.co/storage/v1/object/public/products/softwares/illustrator.png?t=2023-07-10T06%3A52%3A49.465Z', '', 'Adobe Illustrator CS 2021', 33098.55, 100, '2023-07-10 07:07:54.016719', null, '2022-12-31 00:00:00.000000', false, false, 0, 'adobe-illustrator-cs-2021'),
        (72, 6, 34, 'A professional desktop publishing application for creating print and digital media.', 'https://snivqgzdabtawqfgptyd.supabase.co/storage/v1/object/public/products/softwares/indesign.png?t=2023-07-10T06%3A52%3A53.578Z', '', 'Adobe InDesign CS 2021', 38523.45, 100, '2023-07-10 07:07:54.016719', null, '2022-12-31 00:00:00.000000', false, false, 0, 'adobe-indesign-cs-2021'),
        (73, 6, 34, 'A program for creating, editing, and viewing PDF documents.', 'https://snivqgzdabtawqfgptyd.supabase.co/storage/v1/object/public/products/softwares/acrobat.png', '', 'Adobe Acrobat CS 2021', 24480.55, 100, '2023-07-10 07:07:54.016719', null, '2022-12-31 00:00:00.000000', false, false, 0, 'adobe-acrobat-cs-2021'),
        (74, 6, 34, 'A web design and development application for creating websites and web pages.', 'https://snivqgzdabtawqfgptyd.supabase.co/storage/v1/object/public/products/softwares/dreamweaver.png?t=2023-07-10T06%3A52%3A44.727Z', 'https://www.youtube.com/watch?v=T-oovphW0vw&pp=ygUZYWRvYmUgZHJlYW13ZWF2ZXIgdHJhaWxlcg%3D%3D', 'Adobe Dreamweaver CS 2021', 21985.55, 100, '2023-07-10 07:07:54.016719', null, '2022-12-31 00:00:00.000000', false, false, 0, 'adobe-dreamweaver-cs-2021'),
        (75, 6, 34, 'A video editing software for creating professional-quality videos.', 'https://snivqgzdabtawqfgptyd.supabase.co/storage/v1/object/public/products/softwares/premiere-pro.png?t=2023-07-10T06%3A53%3A01.718Z', '', 'Adobe Premiere Pro CS 2021', 43979.05, 100, '2023-07-10 07:07:54.016719', null, '2022-12-31 00:00:00.000000', false, false, 0, 'adobe-premiere-pro-cs-2021'),
        (76, 6, 34, 'A motion graphics and visual effects software used in video production.', 'https://snivqgzdabtawqfgptyd.supabase.co/storage/v1/object/public/products/softwares/after-effects.png?t=2023-07-10T06%3A52%3A34.810Z', 'https://www.youtube.com/watch?v=51XWb2npjfU&pp=ygUbYWRvYmUgYWZ0ZXIgZWZmZWN0cyB0cmFpbGVy', 'Adobe After Effects CS 2021', 59899, 100, '2023-07-10 07:07:54.016719', null, '2022-12-31 00:00:00.000000', false, false, 0, 'adobe-after-effects-cs-2021'),
        (77, 6, 34, 'A photo editing and organization tool primarily used by photographers.', 'https://snivqgzdabtawqfgptyd.supabase.co/storage/v1/object/public/products/softwares/photoshop-lightroom.png', '', 'Adobe Lightroom CS 2021', 38736.84, 100, '2023-07-10 07:07:54.016719', null, '2022-12-31 00:00:00.000000', false, false, 0, 'adobe-lightroom-cs-2021'),
        (78, 6, 34, 'An audio editing and recording software used for professional sound production.', 'https://snivqgzdabtawqfgptyd.supabase.co/storage/v1/object/public/products/softwares/adobe-audition.png', 'https://www.youtube.com/watch?v=RGSN4S5jn4o&pp=ygUXYWRvYmUgcGhvdG9zaG9wIHRyYWlsZXI%3D', 'Adobe Audition CS 2021', 28538.96, 100, '2023-07-10 07:07:54.016719', null, '2022-12-31 00:00:00.000000', false, false, 0, 'adobe-audition-cs-2021'),
        (79, 6, 34, 'A user experience and user interface design software for designing and prototyping websites and mobile apps.', 'https://snivqgzdabtawqfgptyd.supabase.co/storage/v1/object/public/products/softwares/xd.png?t=2023-07-10T06%3A53%3A30.618Z', 'https://www.youtube.com/watch?v=brYZ_2Pe-_8&pp=ygUQYWRvYmUgeGQgdHJhaWxlcg%3D%3D', 'Adobe XD CS 2021', 21355.8, 100, '2023-07-10 07:07:54.016719', null, '2022-12-31 00:00:00.000000', false, false, 0, 'adobe-xd-cs-2021'),
        (80, 6, 34, 'A 3D material creation and rendering software for digital artists and designers.', 'https://snivqgzdabtawqfgptyd.supabase.co/storage/v1/object/public/products/softwares/substance-3d-painter.png?t=2023-07-10T06%3A53%3A27.024Z', 'https://www.youtube.com/watch?v=krdCq4o4sCI&pp=ygUbYWRvYmUgc3Vic3RyYW5jZSAzZCB0cmFpbGVy', 'Adobe Substance CS 2021', 73499, 100, '2023-07-10 07:07:54.016719', null, '2022-12-31 00:00:00.000000', false, false, 0, 'adobe-substance-cs-2021');


-- INSERT PAYMENT_OPTIONS DATA
insert into public.payment_options (id, created_at, full_name, short_name, enabled)
values  (3, '2023-06-14 09:06:48.696024 +00:00', 'PayMaya', 'paymaya', false),
        (6, '2023-06-14 09:07:16.737529 +00:00', 'Coins.ph', 'coinsph', false),
        (8, '2023-06-14 09:07:41.167256 +00:00', 'Lazada Wallet', 'lazadawallet', false),
        (9, '2023-06-14 09:07:53.239656 +00:00', 'ShopeePay', 'shopeepay', false),
        (10, '2023-06-14 09:08:02.761690 +00:00', 'Apple Pay', 'appleplay', false),
        (11, '2023-06-14 09:08:20.767608 +00:00', 'Google Pay', 'googlepay', false),
        (7, '2023-06-14 09:07:28.690371 +00:00', 'GrabPay', 'grabpay', false),
        (1, '2023-06-14 09:06:18.867212 +00:00', 'Cash on Delivery', 'cod', true),
        (2, '2023-06-14 09:06:39.491043 +00:00', 'GCash', 'gcash', false),
        (4, '2023-06-14 09:06:58.076495 +00:00', 'Credit Card', 'creditcard', true),
        (5, '2023-06-14 09:07:05.829367 +00:00', 'Debit Card', 'debitcard', true);



